mysql> select faculty_name from faculty where gender='f';
+--------------+
| faculty_name |
+--------------+
| emma         |
| iba          |
+--------------+
2 rows in set (0.00 sec)

mysql> select * from faculty where first_name like'%i%';
+--------------------+--------------+--------+---------------+--------------+------------+
| faculty_identifier | faculty_name | gender | date_of_birth | date_of_join | first_name |
+--------------------+--------------+--------+---------------+--------------+------------+
| 1                  | emma         | f      |          1997 |         2016 | mannuel    |
| 3                  | sam          | m      |          1999 |         2018 | valentino  |
+--------------------+--------------+--------+---------------+--------------+------------+
2 rows in set (0.00 sec)