
mysql> update faculty set faculty_identifier=2 where faculty_name='catherine';
Query OK, 1 row affected (0.00 sec)
Rows matched: 1  Changed: 1  Warnings: 0

mysql> select * from faculty;
+--------------------+--------------+--------+---------------+--------------+------------+
| faculty_identifier | faculty_name | gender | date_of_birth | date_of_join | first_name |
+--------------------+--------------+--------+---------------+--------------+------------+
| 2                  | catherine    | f      |          1997 |         2022 | cathy      |
+--------------------+--------------+--------+---------------+--------------+------------+
1 row in set (0.00 sec)

mysql>  insert into faculty values(1,'emma','f',1997,2016,'mannuel');
Query OK, 1 row affected (0.00 sec)


mysql> select * from faculty;
+--------------------+--------------+--------+---------------+--------------+------------+
| faculty_identifier | faculty_name | gender | date_of_birth | date_of_join | first_name |
+--------------------+--------------+--------+---------------+--------------+------------+
| 1                  | emma         | f      |          1997 |         2016 | mannuel    |
| 2                  | catherine    | f      |          1997 |         2022 | cathy      |
+--------------------+--------------+--------+---------------+--------------+------------+
2 rows in set (0.00 sec)

mysql> delete from faculty where faculty_identifier='2';
Query OK, 1 row affected (0.00 sec)

mysql>  select * from faculty;
+--------------------+--------------+--------+---------------+--------------+------------+
| faculty_identifier | faculty_name | gender | date_of_birth | date_of_join | first_name |
+--------------------+--------------+--------+---------------+--------------+------------+
| 1                  | emma         | f      |          1997 |         2016 | mannuel    |
+--------------------+--------------+--------+---------------+--------------+------------+
1 row in set (0.00 sec)